model,fold,mae,rmse,spearman
ridge,2023-2024,10.403714989386616,12.798498884097208,0.7228909982349238
xgb,2023-2024,11.805895805358887,14.59802993651348,0.6087278142386753
